ID	TYPE	ALLELE	BETA	GRCH37	GRCH38
rs2476601	Non-HLA	A	0.64	1-114377568-A-G	1-113834946-A-G
rs3024505	Non-HLA	A	-0.15	1-206939904-G-A	1-206766559-G-A
rs2111485	Non-HLA	A	-0.16	2-163110536-A-G	2-162254026-A-G
rs3087243	Non-HLA	A	-0.17	2-204738919-G-A	2-203874196-G-A
rs17388568	Non-HLA	A	0.12	4-123329362-G-A	4-122408207-G-A
rs9500974	HLA-Nonint	T	0.63	6-29728253-G-T	6-29760476-G-T
rs72848653	HLA-Nonint	T	0.78	6-29836602-C-T	6-29868825-C-T
rs9259118	HLA-Nonint	T	0.31	6-29850909-T-C	6-29883132-T-C
rs144530872	HLA-Nonint	A	0.74	6-29863887-G-A	6-29896110-G-A
rs12153924	HLA-Nonint	A	0.44	6-29914089-G-A	6-29946312-G-A
rs144337854	HLA-Nonint	A	1.78	6-30838895-G-A	6-30871118-G-A
rs12189871	HLA-Nonint	T	0.45	6-31251924-C-T	6-31284147-C-T
rs9266286	HLA-Nonint	T	0.39	6-31328342-C-T	6-31360565-C-T
rs16899379	HLA-Nonint	A	-0.83	6-31343267-G-A	6-31375490-G-A
rs149663102	HLA-Nonint	T	-0.94	6-31344182-TG-T	6-31376405-TG-T
rs2524277	HLA-Nonint	A	-0.6	6-31407579-G-A	6-31439802-G-A
rs9268500	HLA-Nonint	C	1.24	6-32376517-C-T	6-32408740-C-T
rs75658393	HLA-Nonint	T	0.81	6-32395517-T-C	6-32427740-T-C
rs9268577	HLA-Nonint	T	0.67	6-32395942-C-T	6-32428165-C-T
rs16822632	HLA-Int_DQ69	A	-0.629522264	6-32411712-G-A	6-32443935-G-A
rs9271346	HLA-Nonint	T	1.69	6-32583468-C-T	6-32615691-C-T
rs1281935	HLA-Int_DQ73	T	-0.645766009	6-32583820-G-T	6-32616043-G-T
rs1281934	HLA-Nonint	G	0.9	6-32584382-A-G	6-32616605-A-G
rs9405117	HLA-Int_DQ93	A	1.391622143	6-32602751-C-A	6-32634974-C-A
rs9469200	HLA-Int_DQ75	C	-1.322737947	6-32603212-T-C	6-32635435-T-C
rs17843689	HLA-Int_DQ62	T	-1.426890964	6-32622047-T-C	6-32654270-T-C
rs17211699	HLA-Int_DQ22	T	-0.753711742	6-32626037-G-T	6-32658260-G-T
rs117806464	HLA-Int_DQ61	A	0.479640792	6-32626447-G-A	6-32658670-G-A
rs9273369	HLA-Int_DQ25	C	1.262934491	6-32626484-T-C	6-32658707-T-C
rs28746898	HLA-Int_DQ92	G	-2.35527726	6-32648594-A-G	6-32680817-A-G
rs9275437	HLA-Int_DQ81	T	2.078322791	6-32671412-C-T	6-32703635-C-T
rs62406889	HLA-Int_DQ63	T	-2.216390883	6-32672214-G-T	6-32704437-G-T
rs10947332	HLA-Int_DQ51	A	-0.029482468	6-32677440-G-A	6-32709663-G-A
rs3129727	HLA-Int_DQ53	T	-0.88501835	6-32679690-C-T	6-32711913-C-T
rs12527228	HLA-Int_DQ42	T	-0.460923538	6-32679992-C-T	6-32712215-C-T
rs6934289	HLA-Nonint	C	-0.68	6-33044956-T-C	6-33077179-T-C
rs17214657	HLA-Nonint	C	-0.19	6-33047173-T-C	6-33079396-T-C
rs2567287	HLA-Nonint	A	0.84	6-33049185-G-A	6-33081408-G-A
rs9378176	HLA-Nonint	G	-0.49	6-33049309-A-G	6-33081532-A-G
rs559242105	HLA-Nonint	CTA	0.24	6-33071027-C-CTA	6-33103250-C-CTA
rs72928038	Non-HLA	A	0.18	6-90976768-G-A	6-90267049-G-A
rs9388489	Non-HLA	A	0.16	6-126698719-A-G	6-126377573-A-G
rs1738074	Non-HLA	T	-0.08	6-159465977-T-C	6-159044945-T-C
rs4948088	Non-HLA	C	0.26	7-51027194-A-C	7-50959497-A-C
rs10116772	Non-HLA	A	0.11	9-4290541-C-A	9-4290541-C-A
rs61839660	Non-HLA	T	-0.48	10-6094697-C-T	10-6052734-C-T
rs41295121	Non-HLA	T	-0.71	10-6129643-C-T	10-6087680-C-T
rs60888743	Non-HLA	A	0.18	10-90051317-A-G	10-88291560-A-G
rs3842753	Non-HLA	G	0.83	11-2181060-T-G	11-2159830-T-G
rs10492166	Non-HLA	A	-0.14	12-9885999-G-A	12-9733403-G-A
rs11170466	Non-HLA	T	0.17	12-53585859-C-T	12-53192075-C-T
rs4759229	Non-HLA	A	0.22	12-56474480-A-G	12-56080696-A-G
rs653178	Non-HLA	C	0.26	12-112007756-C-T	12-111569952-C-T
rs9585056	Non-HLA	C	0.11	13-100081766-C-T	13-99429512-C-T
rs56994090	Non-HLA	C	-0.13	14-101306447-T-C	14-100840110-T-C
rs72727394	Non-HLA	T	0.14	15-38847022-C-T	15-38554821-C-T
rs2289702	Non-HLA	C	0.28	15-79237293-C-T	15-78944951-C-T
rs12708716	Non-HLA	G	-0.19	16-11179873-A-G	16-11086016-A-G
rs9924471	Non-HLA	A	0.22	16-28591530-G-A	16-28580209-G-A
rs1893217	Non-HLA	G	0.19	18-12809340-A-G	18-12809341-A-G
rs1615504	Non-HLA	T	0.12	18-67526644-T-C	18-69859408-T-C
rs144309607	Non-HLA	T	-0.4	19-10492274-C-T	19-10381598-C-T
rs425105	Non-HLA	T	0.15	19-47208481-T-C	19-46705224-T-C
rs2281808	Non-HLA	C	0.1	20-1610551-T-C	20-1629905-T-C
rs74278191	Non-HLA	T	0.17	21-43820888-G-T	21-42400779-G-T
rs5763779	Non-HLA	A	0.15	22-30504652-A-G	22-30108663-A-G
rs229541	Non-HLA	A	0.1	22-37591318-G-A	22-37195278-G-A
